stp_id,farm_id,distance_km
STP_TVM,F_1000,133.0790
STP_TVM,F_1001,270.0762
STP_TVM,F_1002,99.1023
STP_TVM,F_1003,397.6589
STP_TVM,F_1004,119.5720
STP_TVM,F_1005,103.4512
STP_TVM,F_1006,105.7973
STP_TVM,F_1007,405.9722
STP_TVM,F_1008,52.0322
STP_TVM,F_1009,194.4559
STP_TVM,F_1010,356.7036
STP_TVM,F_1011,119.5535
STP_TVM,F_1012,386.1539
STP_TVM,F_1013,359.1879
STP_TVM,F_1014,306.5097
STP_TVM,F_1015,438.8502
STP_TVM,F_1016,362.2407
STP_TVM,F_1017,372.1841
STP_TVM,F_1018,213.2791
STP_TVM,F_1019,232.3833
STP_TVM,F_1020,78.1424
STP_TVM,F_1021,164.0309
STP_TVM,F_1022,395.6903
STP_TVM,F_1023,300.4776
STP_TVM,F_1024,219.6293
STP_TVM,F_1025,288.9900
STP_TVM,F_1026,384.0645
STP_TVM,F_1027,152.9410
STP_TVM,F_1028,342.4373
STP_TVM,F_1029,337.5114
STP_TVM,F_1030,356.8232
STP_TVM,F_1031,150.9054
STP_TVM,F_1032,92.7832
STP_TVM,F_1033,266.7429
STP_TVM,F_1034,91.9235
STP_TVM,F_1035,131.2380
STP_TVM,F_1036,95.0520
STP_TVM,F_1037,232.2861
STP_TVM,F_1038,427.3313
STP_TVM,F_1039,171.6973
STP_TVM,F_1040,115.8440
STP_TVM,F_1041,349.4330
STP_TVM,F_1042,376.5450
STP_TVM,F_1043,180.4901
STP_TVM,F_1044,422.3480
STP_TVM,F_1045,276.5586
STP_TVM,F_1046,39.0985
STP_TVM,F_1047,111.6525
STP_TVM,F_1048,110.8250
STP_TVM,F_1049,200.5453
STP_TVM,F_1050,213.4619
STP_TVM,F_1051,198.8900
STP_TVM,F_1052,232.2466
STP_TVM,F_1053,206.6774
STP_TVM,F_1054,60.9420
STP_TVM,F_1055,83.5099
STP_TVM,F_1056,235.2660
STP_TVM,F_1057,329.5676
STP_TVM,F_1058,321.3509
STP_TVM,F_1059,369.5118
STP_TVM,F_1060,385.0402
STP_TVM,F_1061,103.8990
STP_TVM,F_1062,409.9813
STP_TVM,F_1063,285.4821
STP_TVM,F_1064,54.6827
STP_TVM,F_1065,160.5392
STP_TVM,F_1066,186.0642
STP_TVM,F_1067,182.6943
STP_TVM,F_1068,114.2954
STP_TVM,F_1069,35.5677
STP_TVM,F_1070,41.7665
STP_TVM,F_1071,189.2329
STP_TVM,F_1072,158.1801
STP_TVM,F_1073,233.7579
STP_TVM,F_1074,285.5755
STP_TVM,F_1075,363.8024
STP_TVM,F_1076,413.0524
STP_TVM,F_1077,395.7972
STP_TVM,F_1078,322.8765
STP_TVM,F_1079,420.2398
STP_TVM,F_1080,99.8983
STP_TVM,F_1081,363.9679
STP_TVM,F_1082,351.7983
STP_TVM,F_1083,167.3755
STP_TVM,F_1084,262.3086
STP_TVM,F_1085,175.0960
STP_TVM,F_1086,171.3429
STP_TVM,F_1087,66.1150
STP_TVM,F_1088,24.1560
STP_TVM,F_1089,454.1353
STP_TVM,F_1090,386.4599
STP_TVM,F_1091,89.2229
STP_TVM,F_1092,344.2132
STP_TVM,F_1093,173.6361
STP_TVM,F_1094,67.7634
STP_TVM,F_1095,345.7933
STP_TVM,F_1096,338.1884
STP_TVM,F_1097,310.7136
STP_TVM,F_1098,149.1056
STP_TVM,F_1099,194.5088
STP_TVM,F_1100,252.6119
STP_TVM,F_1101,361.0150
STP_TVM,F_1102,173.2836
STP_TVM,F_1103,182.1655
STP_TVM,F_1104,299.0733
STP_TVM,F_1105,42.2437
STP_TVM,F_1106,76.2147
STP_TVM,F_1107,122.8658
STP_TVM,F_1108,263.2129
STP_TVM,F_1109,406.6815
STP_TVM,F_1110,78.2324
STP_TVM,F_1111,212.9183
STP_TVM,F_1112,236.8975
STP_TVM,F_1113,379.7704
STP_TVM,F_1114,225.6963
STP_TVM,F_1115,215.9980
STP_TVM,F_1116,70.1171
STP_TVM,F_1117,389.4228
STP_TVM,F_1118,99.3834
STP_TVM,F_1119,60.9448
STP_TVM,F_1120,396.8616
STP_TVM,F_1121,444.4059
STP_TVM,F_1122,415.7612
STP_TVM,F_1123,148.3443
STP_TVM,F_1124,348.8357
STP_TVM,F_1125,453.6863
STP_TVM,F_1126,240.1378
STP_TVM,F_1127,113.6536
STP_TVM,F_1128,431.0224
STP_TVM,F_1129,46.5782
STP_TVM,F_1130,242.0584
STP_TVM,F_1131,162.9174
STP_TVM,F_1132,363.4484
STP_TVM,F_1133,100.0760
STP_TVM,F_1134,87.5283
STP_TVM,F_1135,369.2097
STP_TVM,F_1136,396.0918
STP_TVM,F_1137,65.6727
STP_TVM,F_1138,244.4670
STP_TVM,F_1139,93.8681
STP_TVM,F_1140,227.4155
STP_TVM,F_1141,67.7160
STP_TVM,F_1142,440.3504
STP_TVM,F_1143,140.5855
STP_TVM,F_1144,168.9392
STP_TVM,F_1145,128.7024
STP_TVM,F_1146,162.9815
STP_TVM,F_1147,187.7594
STP_TVM,F_1148,438.8194
STP_TVM,F_1149,374.6818
STP_TVM,F_1150,111.1573
STP_TVM,F_1151,454.3475
STP_TVM,F_1152,453.0719
STP_TVM,F_1153,403.5646
STP_TVM,F_1154,172.0725
STP_TVM,F_1155,131.4414
STP_TVM,F_1156,21.9761
STP_TVM,F_1157,117.2714
STP_TVM,F_1158,200.5396
STP_TVM,F_1159,388.9800
STP_TVM,F_1160,369.8310
STP_TVM,F_1161,151.8468
STP_TVM,F_1162,105.6336
STP_TVM,F_1163,69.8589
STP_TVM,F_1164,20.0053
STP_TVM,F_1165,111.8023
STP_TVM,F_1166,448.7773
STP_TVM,F_1167,116.9135
STP_TVM,F_1168,254.2782
STP_TVM,F_1169,274.2463
STP_TVM,F_1170,113.9478
STP_TVM,F_1171,362.9082
STP_TVM,F_1172,225.3775
STP_TVM,F_1173,67.9384
STP_TVM,F_1174,373.9923
STP_TVM,F_1175,165.6038
STP_TVM,F_1176,52.6066
STP_TVM,F_1177,311.4755
STP_TVM,F_1178,98.1069
STP_TVM,F_1179,122.8986
STP_TVM,F_1180,82.5048
STP_TVM,F_1181,392.2848
STP_TVM,F_1182,128.6948
STP_TVM,F_1183,235.1284
STP_TVM,F_1184,138.4665
STP_TVM,F_1185,130.9629
STP_TVM,F_1186,420.1598
STP_TVM,F_1187,187.3203
STP_TVM,F_1188,165.6981
STP_TVM,F_1189,77.8492
STP_TVM,F_1190,327.1311
STP_TVM,F_1191,327.7322
STP_TVM,F_1192,395.9301
STP_TVM,F_1193,161.0672
STP_TVM,F_1194,55.7982
STP_TVM,F_1195,113.2812
STP_TVM,F_1196,176.9284
STP_TVM,F_1197,343.3742
STP_TVM,F_1198,140.8767
STP_TVM,F_1199,358.9229
STP_TVM,F_1200,421.4754
STP_TVM,F_1201,442.4789
STP_TVM,F_1202,209.4221
STP_TVM,F_1203,341.3817
STP_TVM,F_1204,371.1289
STP_TVM,F_1205,214.6815
STP_TVM,F_1206,298.3265
STP_TVM,F_1207,333.0861
STP_TVM,F_1208,170.0747
STP_TVM,F_1209,117.7241
STP_TVM,F_1210,133.7731
STP_TVM,F_1211,152.4776
STP_TVM,F_1212,285.3590
STP_TVM,F_1213,392.2972
STP_TVM,F_1214,294.3342
STP_TVM,F_1215,402.6532
STP_TVM,F_1216,53.4510
STP_TVM,F_1217,68.5276
STP_TVM,F_1218,244.7972
STP_TVM,F_1219,179.9841
STP_TVM,F_1220,313.0032
STP_TVM,F_1221,42.6405
STP_TVM,F_1222,91.3972
STP_TVM,F_1223,65.6993
STP_TVM,F_1224,151.8347
STP_TVM,F_1225,403.3176
STP_TVM,F_1226,289.4492
STP_TVM,F_1227,252.1583
STP_TVM,F_1228,312.8357
STP_TVM,F_1229,291.2047
STP_TVM,F_1230,367.4775
STP_TVM,F_1231,137.1023
STP_TVM,F_1232,363.1458
STP_TVM,F_1233,250.4685
STP_TVM,F_1234,220.5828
STP_TVM,F_1235,97.3635
STP_TVM,F_1236,427.3806
STP_TVM,F_1237,155.8112
STP_TVM,F_1238,108.0016
STP_TVM,F_1239,350.5093
STP_TVM,F_1240,311.0107
STP_TVM,F_1241,424.3861
STP_TVM,F_1242,109.2566
STP_TVM,F_1243,289.3962
STP_TVM,F_1244,167.3985
STP_TVM,F_1245,42.9589
STP_TVM,F_1246,64.1970
STP_TVM,F_1247,375.6621
STP_TVM,F_1248,266.8875
STP_TVM,F_1249,221.2088
STP_KCH,F_1000,87.6652
STP_KCH,F_1001,105.8959
STP_KCH,F_1002,83.9209
STP_KCH,F_1003,243.9565
STP_KCH,F_1004,91.2779
STP_KCH,F_1005,79.7088
STP_KCH,F_1006,79.5695
STP_KCH,F_1007,264.4236
STP_KCH,F_1008,200.7213
STP_KCH,F_1009,119.5847
STP_KCH,F_1010,206.7167
STP_KCH,F_1011,67.5843
STP_KCH,F_1012,218.9667
STP_KCH,F_1013,203.5636
STP_KCH,F_1014,164.1969
STP_KCH,F_1015,284.7328
STP_KCH,F_1016,192.0058
STP_KCH,F_1017,217.4309
STP_KCH,F_1018,33.3677
STP_KCH,F_1019,73.9077
STP_KCH,F_1020,112.4856
STP_KCH,F_1021,39.0043
STP_KCH,F_1022,233.6045
STP_KCH,F_1023,124.3248
STP_KCH,F_1024,97.4657
STP_KCH,F_1025,113.5024
STP_KCH,F_1026,209.2094
STP_KCH,F_1027,61.3988
STP_KCH,F_1028,179.5432
STP_KCH,F_1029,170.8445
STP_KCH,F_1030,217.5283
STP_KCH,F_1031,112.2352
STP_KCH,F_1032,88.6249
STP_KCH,F_1033,92.9232
STP_KCH,F_1034,108.5080
STP_KCH,F_1035,78.4011
STP_KCH,F_1036,155.0846
STP_KCH,F_1037,57.0768
STP_KCH,F_1038,256.0268
STP_KCH,F_1039,9.2648
STP_KCH,F_1040,73.8875
STP_KCH,F_1041,188.6896
STP_KCH,F_1042,235.7197
STP_KCH,F_1043,119.8304
STP_KCH,F_1044,263.3594
STP_KCH,F_1045,146.3068
STP_KCH,F_1046,201.8443
STP_KCH,F_1047,113.0135
STP_KCH,F_1048,97.5032
STP_KCH,F_1049,128.4170
STP_KCH,F_1050,32.6891
STP_KCH,F_1051,49.3886
STP_KCH,F_1052,71.0762
STP_KCH,F_1053,130.6701
STP_KCH,F_1054,189.9755
STP_KCH,F_1055,144.6869
STP_KCH,F_1056,54.5203
STP_KCH,F_1057,171.7879
STP_KCH,F_1058,169.3123
STP_KCH,F_1059,201.6889
STP_KCH,F_1060,211.3691
STP_KCH,F_1061,78.4697
STP_KCH,F_1062,246.7133
STP_KCH,F_1063,140.3039
STP_KCH,F_1064,129.4708
STP_KCH,F_1065,124.3572
STP_KCH,F_1066,25.7004
STP_KCH,F_1067,39.2188
STP_KCH,F_1068,66.7671
STP_KCH,F_1069,170.6069
STP_KCH,F_1070,176.1912
STP_KCH,F_1071,28.3979
STP_KCH,F_1072,26.3189
STP_KCH,F_1073,73.2547
STP_KCH,F_1074,170.3839
STP_KCH,F_1075,206.5597
STP_KCH,F_1076,270.8835
STP_KCH,F_1077,248.0549
STP_KCH,F_1078,172.4996
STP_KCH,F_1079,279.6000
STP_KCH,F_1080,85.4390
STP_KCH,F_1081,192.6480
STP_KCH,F_1082,206.9701
STP_KCH,F_1083,107.9819
STP_KCH,F_1084,144.4463
STP_KCH,F_1085,64.0746
STP_KCH,F_1086,14.0285
STP_KCH,F_1087,149.6173
STP_KCH,F_1088,189.8083
STP_KCH,F_1089,281.5260
STP_KCH,F_1090,243.7190
STP_KCH,F_1091,91.9301
STP_KCH,F_1092,170.4133
STP_KCH,F_1093,119.8633
STP_KCH,F_1094,155.6618
STP_KCH,F_1095,167.5975
STP_KCH,F_1096,161.5498
STP_KCH,F_1097,159.1748
STP_KCH,F_1098,53.8493
STP_KCH,F_1099,14.1820
STP_KCH,F_1100,86.9374
STP_KCH,F_1101,183.5496
STP_KCH,F_1102,78.1805
STP_KCH,F_1103,96.4292
STP_KCH,F_1104,119.6298
STP_KCH,F_1105,164.8294
STP_KCH,F_1106,176.7900
STP_KCH,F_1107,63.9400
STP_KCH,F_1108,85.2249
STP_KCH,F_1109,267.3096
STP_KCH,F_1110,102.7327
STP_KCH,F_1111,84.1825
STP_KCH,F_1112,56.2587
STP_KCH,F_1113,202.7035
STP_KCH,F_1114,56.5231
STP_KCH,F_1115,45.6711
STP_KCH,F_1116,121.5204
STP_KCH,F_1117,224.9482
STP_KCH,F_1118,86.9228
STP_KCH,F_1119,119.8754
STP_KCH,F_1120,232.4720
STP_KCH,F_1121,277.4336
STP_KCH,F_1122,240.8263
STP_KCH,F_1123,96.5540
STP_KCH,F_1124,176.3722
STP_KCH,F_1125,281.1015
STP_KCH,F_1126,130.2357
STP_KCH,F_1127,144.8630
STP_KCH,F_1128,258.9570
STP_KCH,F_1129,135.9543
STP_KCH,F_1130,61.3846
STP_KCH,F_1131,78.2357
STP_KCH,F_1132,187.4642
STP_KCH,F_1133,112.4155
STP_KCH,F_1134,115.5892
STP_KCH,F_1135,201.0566
STP_KCH,F_1136,243.9183
STP_KCH,F_1137,158.3161
STP_KCH,F_1138,133.5387
STP_KCH,F_1139,122.9767
STP_KCH,F_1140,115.5388
STP_KCH,F_1141,131.9265
STP_KCH,F_1142,267.2631
STP_KCH,F_1143,108.8483
STP_KCH,F_1144,30.1052
STP_KCH,F_1145,83.2540
STP_KCH,F_1146,82.3725
STP_KCH,F_1147,31.7179
STP_KCH,F_1148,294.9532
STP_KCH,F_1149,227.1161
STP_KCH,F_1150,87.3709
STP_KCH,F_1151,280.4476
STP_KCH,F_1152,281.6637
STP_KCH,F_1153,249.6610
STP_KCH,F_1154,98.7354
STP_KCH,F_1155,87.1721
STP_KCH,F_1156,161.9766
STP_KCH,F_1157,77.4911
STP_KCH,F_1158,58.9842
STP_KCH,F_1159,236.6537
STP_KCH,F_1160,222.8628
STP_KCH,F_1161,39.5460
STP_KCH,F_1162,83.4713
STP_KCH,F_1163,139.1496
STP_KCH,F_1164,162.3085
STP_KCH,F_1165,89.9967
STP_KCH,F_1166,275.1465
STP_KCH,F_1167,97.7635
STP_KCH,F_1168,99.4466
STP_KCH,F_1169,138.5408
STP_KCH,F_1170,98.1926
STP_KCH,F_1171,212.3520
STP_KCH,F_1172,53.3385
STP_KCH,F_1173,142.5200
STP_KCH,F_1174,221.7294
STP_KCH,F_1175,42.1284
STP_KCH,F_1176,212.0548
STP_KCH,F_1177,134.3509
STP_KCH,F_1178,142.2520
STP_KCH,F_1179,123.1839
STP_KCH,F_1180,98.7150
STP_KCH,F_1181,254.8808
STP_KCH,F_1182,54.8283
STP_KCH,F_1183,109.0479
STP_KCH,F_1184,54.4521
STP_KCH,F_1185,131.5882
STP_KCH,F_1186,249.2943
STP_KCH,F_1187,27.5186
STP_KCH,F_1188,109.7198
STP_KCH,F_1189,103.0414
STP_KCH,F_1190,168.2213
STP_KCH,F_1191,176.4832
STP_KCH,F_1192,243.4825
STP_KCH,F_1193,49.1318
STP_KCH,F_1194,174.7534
STP_KCH,F_1195,75.4320
STP_KCH,F_1196,126.9172
STP_KCH,F_1197,165.5125
STP_KCH,F_1198,44.2359
STP_KCH,F_1199,191.6666
STP_KCH,F_1200,269.9838
STP_KCH,F_1201,282.0347
STP_KCH,F_1202,61.5010
STP_KCH,F_1203,181.8757
STP_KCH,F_1204,234.5788
STP_KCH,F_1205,58.3521
STP_KCH,F_1206,118.6500
STP_KCH,F_1207,185.2839
STP_KCH,F_1208,11.1466
STP_KCH,F_1209,71.8460
STP_KCH,F_1210,132.3049
STP_KCH,F_1211,53.9788
STP_KCH,F_1212,149.3192
STP_KCH,F_1213,216.7500
STP_KCH,F_1214,166.0235
STP_KCH,F_1215,264.8402
STP_KCH,F_1216,149.5751
STP_KCH,F_1217,113.9606
STP_KCH,F_1218,98.8843
STP_KCH,F_1219,127.2594
STP_KCH,F_1220,149.3239
STP_KCH,F_1221,145.8381
STP_KCH,F_1222,98.9841
STP_KCH,F_1223,120.1331
STP_KCH,F_1224,31.1176
STP_KCH,F_1225,263.3663
STP_KCH,F_1226,129.8235
STP_KCH,F_1227,129.8948
STP_KCH,F_1228,167.0213
STP_KCH,F_1229,111.7190
STP_KCH,F_1230,202.4087
STP_KCH,F_1231,43.7071
STP_KCH,F_1232,212.1400
STP_KCH,F_1233,69.7531
STP_KCH,F_1234,44.9710
STP_KCH,F_1235,123.9354
STP_KCH,F_1236,253.5737
STP_KCH,F_1237,63.6640
STP_KCH,F_1238,100.2614
STP_KCH,F_1239,180.0228
STP_KCH,F_1240,150.8905
STP_KCH,F_1241,249.1767
STP_KCH,F_1242,117.8806
STP_KCH,F_1243,126.6145
STP_KCH,F_1244,18.0055
STP_KCH,F_1245,161.8474
STP_KCH,F_1246,164.5276
STP_KCH,F_1247,222.2270
STP_KCH,F_1248,86.5347
STP_KCH,F_1249,40.5685
STP_KKD,F_1000,225.5732
STP_KKD,F_1001,98.2932
STP_KKD,F_1002,236.8103
STP_KKD,F_1003,161.3170
STP_KKD,F_1004,234.3584
STP_KKD,F_1005,232.0904
STP_KKD,F_1006,231.0200
STP_KKD,F_1007,198.3069
STP_KKD,F_1008,350.9297
STP_KKD,F_1009,211.8038
STP_KKD,F_1010,145.9685
STP_KKD,F_1011,218.5572
STP_KKD,F_1012,112.4415
STP_KKD,F_1013,132.2727
STP_KKD,F_1014,143.1971
STP_KKD,F_1015,191.0233
STP_KKD,F_1016,86.5695
STP_KKD,F_1017,141.9777
STP_KKD,F_1018,121.2244
STP_KKD,F_1019,123.1538
STP_KKD,F_1020,264.0210
STP_KKD,F_1021,177.4759
STP_KKD,F_1022,135.6562
STP_KKD,F_1023,54.3655
STP_KKD,F_1024,165.1615
STP_KKD,F_1025,62.8075
STP_KKD,F_1026,80.8787
STP_KKD,F_1027,195.1542
STP_KKD,F_1028,103.2321
STP_KKD,F_1029,89.2195
STP_KKD,F_1030,171.8892
STP_KKD,F_1031,233.7416
STP_KKD,F_1032,241.7949
STP_KKD,F_1033,81.1656
STP_KKD,F_1034,256.1408
STP_KKD,F_1035,218.4189
STP_KKD,F_1036,295.8908
STP_KKD,F_1037,106.4948
STP_KKD,F_1038,129.5648
STP_KKD,F_1039,162.5615
STP_KKD,F_1040,224.0293
STP_KKD,F_1041,112.7362
STP_KKD,F_1042,180.1326
STP_KKD,F_1043,222.3521
STP_KKD,F_1044,164.5275
STP_KKD,F_1045,158.3283
STP_KKD,F_1046,353.6835
STP_KKD,F_1047,252.7572
STP_KKD,F_1048,241.0539
STP_KKD,F_1049,216.3496
STP_KKD,F_1050,120.8019
STP_KKD,F_1051,148.0405
STP_KKD,F_1052,120.3776
STP_KKD,F_1053,213.8813
STP_KKD,F_1054,338.3251
STP_KKD,F_1055,290.7197
STP_KKD,F_1056,98.9932
STP_KKD,F_1057,113.6066
STP_KKD,F_1058,125.7867
STP_KKD,F_1059,99.7079
STP_KKD,F_1060,86.8079
STP_KKD,F_1061,231.5178
STP_KKD,F_1062,142.3258
STP_KKD,F_1063,133.2283
STP_KKD,F_1064,282.5926
STP_KKD,F_1065,239.3599
STP_KKD,F_1066,152.6652
STP_KKD,F_1067,159.8549
STP_KKD,F_1068,220.1950
STP_KKD,F_1069,322.8882
STP_KKD,F_1070,327.8439
STP_KKD,F_1071,149.0422
STP_KKD,F_1072,176.8060
STP_KKD,F_1073,120.2555
STP_KKD,F_1074,186.1924
STP_KKD,F_1075,130.1944
STP_KKD,F_1076,201.9328
STP_KKD,F_1077,175.7727
STP_KKD,F_1078,130.2736
STP_KKD,F_1079,210.9624
STP_KKD,F_1080,237.6148
STP_KKD,F_1081,83.1509
STP_KKD,F_1082,156.1651
STP_KKD,F_1083,220.0514
STP_KKD,F_1084,174.7782
STP_KKD,F_1085,180.1553
STP_KKD,F_1086,163.7470
STP_KKD,F_1087,298.8673
STP_KKD,F_1088,342.4294
STP_KKD,F_1089,148.5597
STP_KKD,F_1090,181.9469
STP_KKD,F_1091,245.3685
STP_KKD,F_1092,63.1110
STP_KKD,F_1093,227.0078
STP_KKD,F_1094,303.0120
STP_KKD,F_1095,38.3503
STP_KKD,F_1096,46.3124
STP_KKD,F_1097,124.1258
STP_KKD,F_1098,195.0678
STP_KKD,F_1099,139.7699
STP_KKD,F_1100,103.5743
STP_KKD,F_1101,51.3638
STP_KKD,F_1102,191.3571
STP_KKD,F_1103,199.2514
STP_KKD,F_1104,41.0847
STP_KKD,F_1105,316.6395
STP_KKD,F_1106,321.9640
STP_KKD,F_1107,214.9267
STP_KKD,F_1108,75.8378
STP_KKD,F_1109,204.0407
STP_KKD,F_1110,256.1083
STP_KKD,F_1111,159.2811
STP_KKD,F_1112,97.7277
STP_KKD,F_1113,66.9142
STP_KKD,F_1114,117.1204
STP_KKD,F_1115,123.8796
STP_KKD,F_1116,272.4433
STP_KKD,F_1117,123.7708
STP_KKD,F_1118,238.1931
STP_KKD,F_1119,273.3218
STP_KKD,F_1120,129.2029
STP_KKD,F_1121,158.3428
STP_KKD,F_1122,106.1906
STP_KKD,F_1123,222.1005
STP_KKD,F_1124,70.9450
STP_KKD,F_1125,148.2371
STP_KKD,F_1126,181.2518
STP_KKD,F_1127,280.2220
STP_KKD,F_1128,130.0343
STP_KKD,F_1129,289.0637
STP_KKD,F_1130,92.5489
STP_KKD,F_1131,199.0406
STP_KKD,F_1132,61.2885
STP_KKD,F_1133,256.4977
STP_KKD,F_1134,264.2013
STP_KKD,F_1135,98.3354
STP_KKD,F_1136,164.3762
STP_KKD,F_1137,305.9375
STP_KKD,F_1138,180.7312
STP_KKD,F_1139,268.6500
STP_KKD,F_1140,176.9652
STP_KKD,F_1141,281.6402
STP_KKD,F_1142,134.5865
STP_KKD,F_1143,236.3541
STP_KKD,F_1144,170.0856
STP_KKD,F_1145,224.5229
STP_KKD,F_1146,201.9967
STP_KKD,F_1147,151.7528
STP_KKD,F_1148,217.3624
STP_KKD,F_1149,162.4610
STP_KKD,F_1150,234.9380
STP_KKD,F_1151,144.3759
STP_KKD,F_1152,151.6041
STP_KKD,F_1153,164.9093
STP_KKD,F_1154,208.7478
STP_KKD,F_1155,226.0093
STP_KKD,F_1156,315.3835
STP_KKD,F_1157,224.7079
STP_KKD,F_1158,152.3544
STP_KKD,F_1159,159.1672
STP_KKD,F_1160,161.0290
STP_KKD,F_1161,186.5071
STP_KKD,F_1162,233.5106
STP_KKD,F_1163,287.4571
STP_KKD,F_1164,315.6203
STP_KKD,F_1165,235.3039
STP_KKD,F_1166,140.2395
STP_KKD,F_1167,238.7139
STP_KKD,F_1168,119.0820
STP_KKD,F_1169,148.7498
STP_KKD,F_1170,241.8098
STP_KKD,F_1171,147.8791
STP_KKD,F_1172,115.0215
STP_KKD,F_1173,291.9937
STP_KKD,F_1174,149.8285
STP_KKD,F_1175,176.2254
STP_KKD,F_1176,363.0164
STP_KKD,F_1177,45.3248
STP_KKD,F_1178,282.8926
STP_KKD,F_1179,256.8573
STP_KKD,F_1180,251.9863
STP_KKD,F_1181,198.5692
STP_KKD,F_1182,207.1141
STP_KKD,F_1183,160.1805
STP_KKD,F_1184,201.7590
STP_KKD,F_1185,260.9937
STP_KKD,F_1186,125.1243
STP_KKD,F_1187,151.9824
STP_KKD,F_1188,222.6917
STP_KKD,F_1189,256.4490
STP_KKD,F_1190,109.7765
STP_KKD,F_1191,129.8219
STP_KKD,F_1192,163.5287
STP_KKD,F_1193,184.4546
STP_KKD,F_1194,323.6615
STP_KKD,F_1195,226.0613
STP_KKD,F_1196,231.7847
STP_KKD,F_1197,39.8465
STP_KKD,F_1198,195.4099
STP_KKD,F_1199,95.9882
STP_KKD,F_1200,184.5492
STP_KKD,F_1201,176.3358
STP_KKD,F_1202,143.8092
STP_KKD,F_1203,112.9818
STP_KKD,F_1204,186.6862
STP_KKD,F_1205,134.6645
STP_KKD,F_1206,40.6143
STP_KKD,F_1207,140.2243
STP_KKD,F_1208,164.3140
STP_KKD,F_1209,221.9542
STP_KKD,F_1210,260.4222
STP_KKD,F_1211,192.9543
STP_KKD,F_1212,150.1106
STP_KKD,F_1213,84.0830
STP_KKD,F_1214,166.5152
STP_KKD,F_1215,204.8474
STP_KKD,F_1216,300.8271
STP_KKD,F_1217,267.2159
STP_KKD,F_1218,133.9327
STP_KKD,F_1219,230.1072
STP_KKD,F_1220,93.6212
STP_KKD,F_1221,298.2149
STP_KKD,F_1222,249.2497
STP_KKD,F_1223,272.3626
STP_KKD,F_1224,182.9042
STP_KKD,F_1225,200.2536
STP_KKD,F_1226,103.7096
STP_KKD,F_1227,166.4185
STP_KKD,F_1228,137.5764
STP_KKD,F_1229,47.4983
STP_KKD,F_1230,108.1116
STP_KKD,F_1231,197.1570
STP_KKD,F_1232,146.8413
STP_KKD,F_1233,84.1112
STP_KKD,F_1234,116.5648
STP_KKD,F_1235,266.8886
STP_KKD,F_1236,120.5857
STP_KKD,F_1237,194.5011
STP_KKD,F_1238,245.6158
STP_KKD,F_1239,79.9031
STP_KKD,F_1240,103.1198
STP_KKD,F_1241,112.6438
STP_KKD,F_1242,257.6814
STP_KKD,F_1243,96.4851
STP_KKD,F_1244,167.4470
STP_KKD,F_1245,312.9212
STP_KKD,F_1246,313.4223
STP_KKD,F_1247,147.6829
STP_KKD,F_1248,67.9532
STP_KKD,F_1249,113.2974
STP_GVR,F_1000,151.6598
STP_GVR,F_1001,68.1676
STP_GVR,F_1002,159.0413
STP_GVR,F_1003,193.2113
STP_GVR,F_1004,159.1513
STP_GVR,F_1005,154.5655
STP_GVR,F_1006,153.7603
STP_GVR,F_1007,221.8397
STP_GVR,F_1008,274.3859
STP_GVR,F_1009,153.6740
STP_GVR,F_1010,162.7140
STP_GVR,F_1011,141.1810
STP_GVR,F_1012,157.4895
STP_GVR,F_1013,154.6771
STP_GVR,F_1014,134.3908
STP_GVR,F_1015,231.1950
STP_GVR,F_1016,128.9084
STP_GVR,F_1017,167.9589
STP_GVR,F_1018,43.8812
STP_GVR,F_1019,66.5521
STP_GVR,F_1020,186.6413
STP_GVR,F_1021,101.7744
STP_GVR,F_1022,176.1576
STP_GVR,F_1023,58.8440
STP_GVR,F_1024,111.7627
STP_GVR,F_1025,51.4214
STP_GVR,F_1026,140.1026
STP_GVR,F_1027,121.8580
STP_GVR,F_1028,125.8943
STP_GVR,F_1029,113.8262
STP_GVR,F_1030,181.3665
STP_GVR,F_1031,165.9427
STP_GVR,F_1032,164.0386
STP_GVR,F_1033,42.3156
STP_GVR,F_1034,180.1714
STP_GVR,F_1035,144.2118
STP_GVR,F_1036,222.5987
STP_GVR,F_1037,37.2252
STP_GVR,F_1038,189.1277
STP_GVR,F_1039,84.7084
STP_GVR,F_1040,146.8725
STP_GVR,F_1041,136.3150
STP_GVR,F_1042,196.2622
STP_GVR,F_1043,160.9249
STP_GVR,F_1044,206.9634
STP_GVR,F_1045,132.2449
STP_GVR,F_1046,276.5017
STP_GVR,F_1047,179.3035
STP_GVR,F_1048,166.2130
STP_GVR,F_1049,160.3045
STP_GVR,F_1050,42.9365
STP_GVR,F_1051,78.7772
STP_GVR,F_1052,62.3082
STP_GVR,F_1053,159.6076
STP_GVR,F_1054,262.4711
STP_GVR,F_1055,215.1465
STP_GVR,F_1056,21.2009
STP_GVR,F_1057,124.8421
STP_GVR,F_1058,128.8625
STP_GVR,F_1059,140.6171
STP_GVR,F_1060,143.4869
STP_GVR,F_1061,153.7102
STP_GVR,F_1062,187.4617
STP_GVR,F_1063,113.9640
STP_GVR,F_1064,204.7894
STP_GVR,F_1065,174.1263
STP_GVR,F_1066,76.7837
STP_GVR,F_1067,86.7745
STP_GVR,F_1068,142.3153
STP_GVR,F_1069,245.3571
STP_GVR,F_1070,250.5226
STP_GVR,F_1071,74.1518
STP_GVR,F_1072,99.3923
STP_GVR,F_1073,63.4808
STP_GVR,F_1074,161.6274
STP_GVR,F_1075,155.8105
STP_GVR,F_1076,227.3454
STP_GVR,F_1077,201.9279
STP_GVR,F_1078,133.1547
STP_GVR,F_1079,236.5760
STP_GVR,F_1080,160.0151
STP_GVR,F_1081,128.2638
STP_GVR,F_1082,167.5073
STP_GVR,F_1083,154.9420
STP_GVR,F_1084,141.1421
STP_GVR,F_1085,110.7328
STP_GVR,F_1086,86.0666
STP_GVR,F_1087,222.2784
STP_GVR,F_1088,264.9284
STP_GVR,F_1089,212.9012
STP_GVR,F_1090,201.9666
STP_GVR,F_1091,167.4887
STP_GVR,F_1092,104.3531
STP_GVR,F_1093,164.0983
STP_GVR,F_1094,227.4019
STP_GVR,F_1095,95.5838
STP_GVR,F_1096,92.0327
STP_GVR,F_1097,121.2645
STP_GVR,F_1098,119.4942
STP_GVR,F_1099,61.9815
STP_GVR,F_1100,57.4697
STP_GVR,F_1101,112.0891
STP_GVR,F_1102,123.8791
STP_GVR,F_1103,136.0367
STP_GVR,F_1104,47.2370
STP_GVR,F_1105,239.2546
STP_GVR,F_1106,247.2473
STP_GVR,F_1107,137.5307
STP_GVR,F_1108,25.7223
STP_GVR,F_1109,226.1320
STP_GVR,F_1110,178.2832
STP_GVR,F_1111,101.5380
STP_GVR,F_1112,20.3773
STP_GVR,F_1113,131.2713
STP_GVR,F_1114,50.3743
STP_GVR,F_1115,52.6237
STP_GVR,F_1116,195.4732
STP_GVR,F_1117,165.7824
STP_GVR,F_1118,161.0103
STP_GVR,F_1119,195.4682
STP_GVR,F_1120,172.9489
STP_GVR,F_1121,213.7319
STP_GVR,F_1122,170.8513
STP_GVR,F_1123,152.4579
STP_GVR,F_1124,111.6470
STP_GVR,F_1125,212.5055
STP_GVR,F_1126,138.0718
STP_GVR,F_1127,208.7089
STP_GVR,F_1128,191.2874
STP_GVR,F_1129,211.3488
STP_GVR,F_1130,15.3660
STP_GVR,F_1131,129.7051
STP_GVR,F_1132,117.7499
STP_GVR,F_1133,181.6751
STP_GVR,F_1134,187.6719
STP_GVR,F_1135,139.6719
STP_GVR,F_1136,194.4653
STP_GVR,F_1137,230.2419
STP_GVR,F_1138,139.3430
STP_GVR,F_1139,193.0437
STP_GVR,F_1140,128.2851
STP_GVR,F_1141,205.1097
STP_GVR,F_1142,198.4879
STP_GVR,F_1143,166.5862
STP_GVR,F_1144,93.7496
STP_GVR,F_1145,149.6498
STP_GVR,F_1146,133.2265
STP_GVR,F_1147,77.4998
STP_GVR,F_1148,248.5914
STP_GVR,F_1149,183.0117
STP_GVR,F_1150,158.5097
STP_GVR,F_1151,210.7240
STP_GVR,F_1152,214.0692
STP_GVR,F_1153,198.3428
STP_GVR,F_1154,143.6723
STP_GVR,F_1155,151.8425
STP_GVR,F_1156,237.5122
STP_GVR,F_1157,148.5883
STP_GVR,F_1158,85.9340
STP_GVR,F_1159,187.6422
STP_GVR,F_1160,179.7005
STP_GVR,F_1161,109.5911
STP_GVR,F_1162,156.6658
STP_GVR,F_1163,211.4368
STP_GVR,F_1164,237.8298
STP_GVR,F_1165,159.8568
STP_GVR,F_1166,205.7444
STP_GVR,F_1167,164.6420
STP_GVR,F_1168,78.8254
STP_GVR,F_1169,122.0843
STP_GVR,F_1170,166.5524
STP_GVR,F_1171,167.1925
STP_GVR,F_1172,45.9663
STP_GVR,F_1173,215.3109
STP_GVR,F_1174,174.0882
STP_GVR,F_1175,101.7755
STP_GVR,F_1176,286.1931
STP_GVR,F_1177,65.8122
STP_GVR,F_1178,209.5278
STP_GVR,F_1179,185.5243
STP_GVR,F_1180,174.1992
STP_GVR,F_1181,216.2210
STP_GVR,F_1182,129.4260
STP_GVR,F_1183,113.6545
STP_GVR,F_1184,125.0281
STP_GVR,F_1185,191.2480
STP_GVR,F_1186,182.9922
STP_GVR,F_1187,76.4213
STP_GVR,F_1188,157.4033
STP_GVR,F_1189,178.6112
STP_GVR,F_1190,120.5963
STP_GVR,F_1191,135.5682
STP_GVR,F_1192,193.8322
STP_GVR,F_1193,109.7463
STP_GVR,F_1194,247.5539
STP_GVR,F_1195,148.7987
STP_GVR,F_1196,170.0002
STP_GVR,F_1197,94.0434
STP_GVR,F_1198,117.8753
STP_GVR,F_1199,131.9542
STP_GVR,F_1200,219.3200
STP_GVR,F_1201,223.5834
STP_GVR,F_1202,79.3205
STP_GVR,F_1203,131.6342
STP_GVR,F_1204,198.5919
STP_GVR,F_1205,69.5502
STP_GVR,F_1206,45.7295
STP_GVR,F_1207,146.2599
STP_GVR,F_1208,86.4367
STP_GVR,F_1209,144.7935
STP_GVR,F_1210,191.1230
STP_GVR,F_1211,117.8076
STP_GVR,F_1212,129.1847
STP_GVR,F_1213,146.6825
STP_GVR,F_1214,148.1361
STP_GVR,F_1215,225.0178
STP_GVR,F_1216,223.5996
STP_GVR,F_1217,189.3752
STP_GVR,F_1218,89.5433
STP_GVR,F_1219,169.0098
STP_GVR,F_1220,99.2734
STP_GVR,F_1221,220.7781
STP_GVR,F_1222,172.4137
STP_GVR,F_1223,194.9497
STP_GVR,F_1224,105.3407
STP_GVR,F_1225,222.0697
STP_GVR,F_1226,89.8469
STP_GVR,F_1227,128.3450
STP_GVR,F_1228,133.2463
STP_GVR,F_1229,39.7614
STP_GVR,F_1230,144.1986
STP_GVR,F_1231,119.2958
STP_GVR,F_1232,166.6004
STP_GVR,F_1233,7.6921
STP_GVR,F_1234,43.1234
STP_GVR,F_1235,192.5514
STP_GVR,F_1236,184.4163
STP_GVR,F_1237,121.9536
STP_GVR,F_1238,169.9016
STP_GVR,F_1239,117.4834
STP_GVR,F_1240,105.0007
STP_GVR,F_1241,178.7795
STP_GVR,F_1242,184.2844
STP_GVR,F_1243,83.2653
STP_GVR,F_1244,90.0181
STP_GVR,F_1245,235.9834
STP_GVR,F_1246,236.9958
STP_GVR,F_1247,173.4973
STP_GVR,F_1248,14.0535
STP_GVR,F_1249,35.5577
